session_id;date;started_at;ended_at;duration_seconds;duration_minutes;total_unique_words;total_language_tasks;total_attempts;correct_answers;wrong_answers;accuracy_percent;first_try_correct_tasks;first_try_accuracy_percent;average_attempts_per_task;words_with_mistakes;spelling_errors;confusion_errors;wrong_word_form_errors;no_recall_errors;unknown_semantic_errors;accuracy_change_vs_previous;first_try_change_vs_previous;accuracy_3_session_average;cumulative_unique_words_seen
20260720_140226;2026-07-20;2026-07-20T14:02:26;2026-07-20T14:04:11;105;1.75;38;76;5;4;1;80.0;4;5.26;0.066;1;0;0;0;0;1;;;80.0;5
20260720_140727;2026-07-20;2026-07-20T14:07:27;2026-07-20T14:28:10;1243;20.72;57;114;129;114;15;88.37;101;88.6;1.132;11;11;1;1;2;0;8.37;83.34;84.18;57
20260720_142921;2026-07-20;2026-07-20T14:29:21;2026-07-20T14:31:18;117;1.95;11;22;22;22;0;100.0;22;100.0;1.0;0;0;0;0;0;0;11.63;11.4;89.46;57
20260721_050552;2026-07-21;2026-07-21T05:05:52;2026-07-21T05:19:10;798;13.3;57;114;119;114;5;95.8;110;96.49;1.044;3;5;0;0;0;0;-4.2;-3.51;94.72;57
20260722_023818;2026-07-22;2026-07-22T02:38:18;2026-07-22T02:49:40;682;11.37;57;114;117;114;3;97.44;111;97.37;1.026;3;1;1;0;0;1;1.64;0.88;97.75;57
20260722_050644;2026-07-22;2026-07-22T05:06:44;2026-07-22T05:11:40;296;4.93;21;42;48;42;6;87.5;37;88.1;1.143;5;2;1;0;2;1;-9.94;-9.27;93.58;77
20260722_053217;2026-07-22;2026-07-22T05:32:17;2026-07-22T05:33:30;73;1.22;4;8;10;8;2;80.0;6;75.0;1.25;2;1;1;0;0;0;-7.5;-13.1;88.31;77
20260722_055234;2026-07-22;2026-07-22T05:52:34;2026-07-22T05:53:00;25;0.42;3;6;7;6;1;85.71;5;83.33;1.167;1;1;0;0;0;0;5.71;8.33;84.4;77
20260722_171233;2026-07-22;2026-07-22T17:12:33;2026-07-22T17:19:42;428;7.13;20;40;50;40;10;80.0;35;87.5;1.25;4;8;0;0;1;1;-5.71;4.17;81.9;77
20260726_090722;2026-07-26;2026-07-26T09:07:22;2026-07-26T09:20:51;809;13.48;20;40;42;40;2;95.24;38;95.0;1.05;2;1;0;0;0;1;15.24;7.5;86.98;77
20260726_110243;2026-07-26;2026-07-26T11:02:43;2026-07-26T11:07:05;262;4.37;18;36;45;36;9;80.0;29;80.56;1.25;6;7;0;0;0;2;-15.24;-14.44;85.08;95
20260727_101219;2026-07-27;2026-07-27T10:12:19;2026-07-27T10:15:45;205;3.42;18;36;39;36;3;92.31;33;91.67;1.083;3;2;0;0;0;1;12.31;11.11;89.18;95
20260727_170143;2026-07-27;2026-07-27T17:01:43;2026-07-27T17:07:05;321;5.35;18;36;36;36;0;100.0;36;100.0;1.0;0;0;0;0;0;0;7.69;8.33;90.77;95
20260727_170723;2026-07-27;2026-07-27T17:07:23;2026-07-27T17:10:49;206;3.43;19;38;38;38;0;100.0;38;100.0;1.0;0;0;0;0;0;0;0.0;0.0;97.44;96
20260727_171124;2026-07-27;2026-07-27T17:11:24;2026-07-27T17:15:46;261;4.35;21;42;42;42;0;100.0;42;100.0;1.0;0;0;0;0;0;0;0.0;0.0;100.0;96
20260727_171553;2026-07-27;2026-07-27T17:15:53;2026-07-27T17:25:10;557;9.28;21;42;48;42;6;87.5;36;85.71;1.143;5;3;0;0;3;0;-12.5;-14.29;95.83;96
20260728_104250;2026-07-28;2026-07-28T10:42:50;2026-07-28T10:46:35;225;3.75;21;42;42;42;0;100.0;42;100.0;1.0;0;0;0;0;0;0;12.5;14.29;95.83;96
20260728_104649;2026-07-28;2026-07-28T10:46:49;2026-07-28T10:50:19;210;3.5;18;36;37;36;1;97.3;35;97.22;1.028;1;1;0;0;0;0;-2.7;-2.78;94.93;96
20260728_105051;2026-07-28;2026-07-28T10:50:51;2026-07-28T10:55:17;265;4.42;16;32;34;32;2;94.12;30;93.75;1.062;2;1;0;0;0;1;-3.18;-3.47;97.14;112
20260729_190513;2026-07-29;2026-07-29T19:05:13;2026-07-29T19:10:41;327;5.45;19;38;44;38;6;86.36;34;89.47;1.158;4;2;0;0;2;2;-7.76;-4.28;92.59;115
20260802_005340;2026-08-02;2026-08-02T00:53:40;2026-08-02T00:58:35;294;4.9;20;40;42;40;2;95.24;38;95.0;1.05;1;2;0;0;0;0;8.88;5.53;91.91;116
20260802_005956;2026-08-02;2026-08-02T00:59:56;2026-08-02T01:09:28;571;9.52;17;34;45;34;11;75.56;24;70.59;1.324;9;4;0;0;3;4;-19.68;-24.41;85.72;133
20260802_010934;2026-08-02;2026-08-02T01:09:34;2026-08-02T01:20:27;653;10.88;17;34;34;34;0;100.0;34;100.0;1.0;0;0;0;0;0;0;24.44;29.41;90.27;133
20260802_012047;2026-08-02;2026-08-02T01:20:47;2026-08-02T01:24:04;197;3.28;16;32;34;32;2;94.12;30;93.75;1.062;2;1;1;0;0;0;-5.88;-6.25;89.89;133
20260802_151729;2026-08-02;2026-08-02T15:17:29;2026-08-02T15:20:35;186;3.1;16;32;32;32;0;100.0;32;100.0;1.0;0;0;0;0;0;0;5.88;6.25;98.04;133
20260802_152050;2026-08-02;2026-08-02T15:20:50;2026-08-02T15:28:31;460;7.67;15;30;33;30;3;90.91;27;90.0;1.1;2;0;0;0;1;2;-9.09;-10.0;95.01;133
20260802_160735;2026-08-02;2026-08-02T16:07:35;2026-08-02T16:10:19;164;2.73;15;30;31;30;1;96.77;29;96.67;1.033;1;0;0;0;0;1;5.86;6.67;95.89;133
20260802_161046;2026-08-02;2026-08-02T16:10:46;2026-08-02T16:23:00;733;12.22;15;30;30;30;0;100.0;30;100.0;1.0;0;0;0;0;0;0;3.23;3.33;95.89;133
