İtalyanca Kelime;İngilizcesi;Türkçesi;İtalyanca Anlamı;İtalyanca Cümle -1;Cümle -1 Anlam;İtalyanca Cümle -2;Cümle -2 Anlam
Ciao;Hi;Merhaba;Di saluto più comune e diffusa nella lingua italiana;Ciao, fai buon viaggio ;Goodbye, have a good trip;;
Ieri;Yesterday;Dün;Il giorno precedente rispetto a quello in cui siamo;Ieri e stata una bella giornata;Yesterday was a beautiful day;;
Domani;Tomorrow;Yarın;Il giorno seguente;Ti passo a prendere domani alle 19.00;I’ll come to you tomorrow at 19.00;;
A Domani;See you tomorrow;Yarın Görüşürüz;Saluto usato quando ci si rivede il giorno dopo;E stato bello vederti. A domani!;It was nice to see you, see you tomorrow;;
Oggi;Today;Bugün;Il giorno corrente o il tempo presente;Lo faro entro oggi;I will do it by the end of the day;;
Giorno;Day;Gün;Periodo di ventiquattro ore;Studio italiano ogni giorno;I study Italian every day;;
Mese;Month;Ay;Periodo di tempo formato da circa trenta giorni;Questo mese studio molto italiano;This month I study a lot of Italian;;
Anno;Year;Yıl;Periodo di tempo formato da dodici mesi;Quest’anno voglio andare in Italia ;This year I want to go to Italy;;
Tempo;Time;Zaman;La durata durante la quale accadono eventi o si svolgono attività;Non ho molto tempo per studiare oggi;I don’t have much time to study today;;
Due anni fa;Two years ago;İki yıl önce;Per indicare un momento nel passato, due anni prima di adesso;Ho iniziato a studiare italiano due anni fa;I started studying Italian two years ago;;
Tra/Fra due anni;In two years;İki yıl sonra;Per indicare un momento futuro, due anni dopo il momento presente;Tra due anni voglio vivere in Italia;In two years I want to live in Italy;Il corso inizierà tra una settimana;The course starts in a week
Prima;Before/Earlier;Önce/Daha önce ;Indica un momento precedente rispetto a un altro momento o evento;Prima di dormire, studio italiano;Before sleeping, I study Italian;Prima di cena;Before dinner
Dopo;After/Later;Sonra;Indica un momento successivo rispetto a un altro momento o evento;Dopo il lavoro, torno a casa;After work, ı return home;Due giorni dopo;Two days later
Settimana;Week ;Hafta;Periodo di tempo formato da sette giorni ;Questa settimana studio italiano ogni girono;This week I study Italian every day;;
Fine Settimana;Weekend;Hafta sonu ;Gli ultimi giorni della settimana, generalmente sabato e domenica;Questo fine settimana voglio viaggiare con la mia ragazza;This weekend, ı want to travel with my girlfriend;Il prossimo fine settimana;Next week
Adesso ;Now;Şimdi;In questo momento, nel momento presente;Adesso non posso parlare;I cannot talk now;;
Iniziare;To start/to begin;Başlamak;Cominciare a fare qualcosa o dare inizio a un’attività;Voglio iniziare a studiare italiano oggi;I wanto to start studying italian today;Iniziare a lavorare;To start working
Essere;To be ;Olmak ;Avere una certa identità, qualità o condizione;Sono uno studente;I am a student;;
Avere;To have;Sahip olmak;Possedere qualcosa o trovarsi in una certa condizione;Ho una macchina fotografica;I have a camera;Ho tempo quindi vado al bar;I have time, that’s why Im going cafe
Fare;To do/ to make;Yapmak;Compiere un’azione o creare qualcosa ;Nel tempo libero faccio fotografie;In my free time I take photographs ;Che cosa fai questo fine settimana;What are you doing this weekend
Andare;To go;Gitmek;Spostarsi da un luogo a un altro;Voglio andare in Italia;I want to go to Italy;;
Volere;To want;İstemek;Desiderare qualcosa o desiderare fare qualcosa;Voglio imparare l’italiano;I want to learn italian;;
Potere ;Can/ to be able to;Yapabilmek;Avere la possibilita o la capacita di fare qualcosa;Posso parlare un podi italiano;I can speak a little italian;;
Dovere;Must/ to have to;Zorunda olmak;Avere la necessita o l’obbligo di fare qualcosa ;Devo studiare oggi;I have to study today;;
Parlare;To speak;Konuşmak;Comunicare con qualcuno usando le parole ;Parlo italiano con i miei amici;I speak italian with my friends;;
Sapere;To know;Bilmek;Avere conoscenza di un fatto o sapere fare qualcosa;Non so parlare bene italiano;I dont know how to speak Italian well;;
Prendere;To take/to get;Almak/Binmek;Ricevere, afferrare o usare un mezzo di trasporto ;Prendo l’autobus ogni mattina;I take the bus every morning;;
Mezzo di trasporto;Transportation ;Ulaşım Aracı;Transferimento di cose o persone da un posto a un altro effettuato in vari modi e con vari mezzi;Il treno e’ il mio mezzo di trasporto preferito;Train is my favorite transportation vehicle;;
Senza;Without;-Sız/ -siz;Indica l’assenza di una persona  o di una cosa o di un’azione ;Non posso vivere senza la mia famiglia;I cannot live without my family;Vorrei un caffe senza zucchero;I would like a caffe without sugar
Vorrei;I’d like;İsterdim / istiyorum;Forma cortese del verbo “volere”;Vorrei un biglietto per roma;I’d like a ticket for Rome;;
Vivere;To live;Yaşamak;Esere in vita, avere vita;Suo fratello adesso vive a Londra;His brother now lives in London;;
Vita;Life;Hayat ;Il periodo durante il quale una persona, un animale o un organismo vive;Ha avuto una vita difficile, tra Mattie e problemi familiari;I’ve had a difficult life, with illnesses and family problems;La fotografia e’ una parte importante della mia vita;Photography is a important part in my life
Cambiare;To change;Değiştirmek / Değişmek;Rendere qualcosa diverso oppure diventare diverso;Voglio cambiare la mia vita;I want to change my life;;
Felice;Happy;Mutlu;Che prova felicita’, gioia o soddisfazione;Sono felice quando viaggio con la mia ragazza;I am happy when I travel with my girlfriend;;
Facile;Easy;Kolay;Che non richiede molto sforzo o difficolta’;Questo esercizio e’ facile;This exercise is easy;;
Diverso;Different/various;Farklı/Çeşitli;Che si scosta per natura, aspetto, qualità da un altro oggetto, o che e’ addirittura un’Altra cosa;Ho visitato diverso città in Italia;I visited various cities in Italy;;
Rendere;To make/To render;Hale getirmek;Fare diventare qualcuno o qualcosa in un certo modo;Voglio rendere felice la mia ragazza;I want to make my girlfriend happy;;
Qualcosa;Something;Bir şey;Una cosa non specificata o non conosciuta;Vorrei mangiare qualcosa;I would like to eat something;;
Difficile;Difficult/Hard;Zor;Che richiede molto impegno, capacita o attenzione;Parlare italiano non e difficile;Speaking italian is not difficult;;
Cortese;Polite/ Courteous;Kibar/Nazik;Che si comparta con gentilezza, rispetto ed educazione;Il cameriere e molto cortese;The waiter is very polite;;
Assenza ;Absence;Yokluk / Bulunmama;La condizione di una persona o di una cosa che non e presente;Durante la mia assenza, nessuno ha chiamato;During my absence, nobody called;;
Indicare;To indicate / To point out;Göstermek / Belirtmek;Mostrare, segnalare o comunicare qualcosa in modo chiaro;Puoi indicarmi la strada per la stazione ;Can you show me the way to the station;;
Azione;Action;Aksiyon;La capacita umana volta a modificare il reale a fini economici, politici, etici;Ti piacciono i film d’azione;Do you like action movies;Meno parole e piu’ azione;Less talk and more action
Ricevere;To recieve;Almak/ Teslim almak;Ottenere o accettare qualcosa che viene dato, inviato o comunicato da qualcuno;Ho ricevuto un messaggio dalla mia ragazza;I received a message from my girlfriend;;
Sbagliato;Wrong/Incorrect;Yanlış / Hatalı;Che non e’ corretto o che contiene un errore;Ho scritto il numero sbagliato;I wrote the wrong number;;
Benvenuto;Welcome;Hoş geldin ;Espressione usata per accogliere una persona con gentilezza;Benvenuto a casa nostra;Welcome to our home;;
Presente;Present / Current;Mevcut / Şimdiki / Hazır bulunan;Che si trova in un luogo o che esiste nel momento attuale;Oggi tutti gli studenti sono presenti;Today all the students are present;;
Durante;During;Sırasında / Boyunca;Nel corso di un periodo di tempo o di un evento;Durante il viaggio ho fatto molte fotografie;During the trip, I took many photographs;;
Strada;Road / Street / Way;Yol / Cadde / Sokak;Spazio utilizzato per spostarsi a piedi o con un veicolo;Questa strada porta alla stazione;This road leads to the station;;
Corso;Course / Class;Kurs / Ders;Un insieme di lezioni organizzate per imparare una materia o sviluppare una capacita;Sto seguendo un corso di italiano online;Im taking an online italian course ;;
Portare;To bring / To carry / To take;Getirmek / Taşımak / Götürmek;Transportare una persona o una cosa da un luogo an altro;Porto sempre la macchina fotografica con me;I always bring my camera with me;;
Trovare ;To find;Bulmak;Scoprire o incontrare una persona o una cosa che si stava cercando;Non riesco a trovare le mie chiavi;I can’t find my keys;;
Pensare;To think;Düşünmek;Usare la mente per formare idee, opinioni o prendere decisioni;Penso spesso al mio futuro;I often think about mu future;;
Bisogno;Need;İhtiyaç;La necessita di avere o fare qualcosa;Ho bisogno di più tempo per studiare;I need more time to study;;
Sogno;Dream;Hayal;Un desiderio importante che una persona spera di realizzare, oppure un’esperienza vissuta mentre dorme;Il mio sogno e vivere in Italia;My dream is to live in Italy;;
Altro;Other / Another / More;Başka / Diğer / Bir tane daha;Indica una persona o una cosa diversa oppure aggiuntiva rispetto a quella già menzionata;Vorrei un altro caffe, per favore;I’d like another coffee, please;;
Dormire;To sleep;Uyumak;Riposare con gli occhi chiusi, generalmente durante la notte;Di solito dormo otto ore ogni note;I usually sleep eight hours every night;;
Tenere;To Hold / To Keep;Tutmak / korumak;Prendere in mano qualcosa;Puoi tenere la mia borsa;Can you hold my bag;;
Mano;Hand ;El;Parte del corpo che si trova alla fine del braccio e serve per prendere o toccare le cose;Con la chitarra in mano;With the guitar in hand;;
Generalmente;Generally / usually;Genellikle;Nella maggior parte dei casi o delle situazioni;Generalmente studio italiano la sera;I generally study italian in the evening;;
Solo;Only / Alone;Sadece / Yalnız;Senza altre persone oppure limitatamente a una cosa;Oggi sono solo a casa;Today I am alone at home;;
İl piu;The most;En / En Çok;Indicare il grado più alto di una qualità;Questo esercizio e il più difficile ;This exercise is the most difficult;;
Allo stesso tempo;At the same time;Aynı zamanda;Nello stesso momento contemporaneamente;Studio e lavoro allo stesso tempo;I study and work at the same time;;
Soldi ;Money ;Para;Comprare prodotti e pagare servizi ;Non ho abbastanza soldi per viaggiare ;I don’t have enough money to travel;;
Perche ;Why / Because ;Neden / Çünkü;Parola usata per chiedere o spiegare il motivo di qualcosa;Studio italiano perche andare in Italia;I study italian because I want to go to Italy;;
Quando ;When;Ne zaman / -dığında;Chiedere o indicare il momento in cui accade qualcosa;Quando vuoi mangiare e dove;When do you want to eat and where;;
Arrivare ;Arrive ;Varmak / Ulaşmak;Raggiungere un luogo al termine di un viaggio o di uno spostamento;Arrivo alla stazione alle nove;I arrive at the station at nine;;
Chiedere ;To ask / To request;Sormak / Rica etmek;Fare una domanda o domandare qualcosa a qualcuno ;Vorrei chiedere un’informazione;I’d like to ask for some information;;
Cosi cosi ;So-so;Şöyle böyle / Eh işte;Usata per dire che qualcosa non va ne bene ne male;Come stai? Cosi cosi ;How are you? So-so;;
Mattina ;Morning;Sabah ;La prima parte della giornata, dal risveglio fino a mezzogiorno;Ogni mattina bevo un caffe;Every morning I drink a coffee;;
Notte ;Night ;Gece;La parte della giornata compresa tra sera e il mattino ;Di notte dormo circa otto ore;At night I sleep for about eight hours;;
Sono di;I am from;….liyim / … denim;Indicare la propria città o il proprio luogo di origine ;Sono di Lüleburgaz ma vivo a edirne;Im from Lüleburgaz but live in edirne;;
Lavorare;To work;Çalışmak ;Svolgere un’attività professionale o impegnarsi in un compito ;Vorrei lavorare nel settore dei dati ;I’d like to work in the data field;;
Mi piace;I like ;Hoşuma gidiyor / seviyorum ;Dire che una persona, una cosa o un’attività e’ gradita ;Mi piace fare fotografie quando viaggiare;;;
Mi dispiace;I’m sorry;Üzgünüm ;chiedere scusa o mostrare dispiacere ;Mi dispiace, oggi non posso venire;I’m sorry I can’t come today;;
Tornare;To return / to come back;Dönmek / geri gelmek;Andare di nuovo in un luogo in cui si era già stati;Torno a casa dopo il lavoro;I return home after the work;;
Bere ;To drink;İçmek ;Prendere un luquido attraverso la bocca;Bevo molta acqua durante il giorno ;I drink a lot of water during the day;;
Comune;Common;Yaygın / Ortak;Che appartiene a più persone o che si trova frequentemente;E’ un  errore molto comune tra i principianti;It is a very common mistake among beginners;;
Lingua;Language / Tongue;Dil;"Sistema di parole e regole usato dalle persone per comunicare; indica anche l’organo presene nella bocca";L’italiano e’ una lingua molto bella;Italian is a very beautiful language;;
Corpo;Body;Vücut / Beden;L’insieme delle parti fisiche che formano una persona o un animale;E’ importante prendersi cura del proprio corpo;It’s important to take care of your body;;
Aspetto ;Appearance / Aspect;Görünüş / Özellik;Il modo in cui una persona o una cosa appare,  oppure una particolare caratteristica di una situazione;L’aspetto più importante e’ parlare senza paura;The most important aspect is speaking without fear;;
Sempre ;Always;Her zaman;In ogni momento o in tutte le occasioni;A colazione bevo sempre il caffe;In breakfast I always drink coffee;;
Spesso;Often;Sıklıkla;Molte volte o con grande frequenza;Vado spesso in piscina;I often go to swimming pool;;
Di solito;Usually;Genlelde;Nella maggior parte delle situazioni o delle occasioni;Di solito ceno verso le 19.30;I usually have dinner around 7.30 pm;;
A volte;Sometimes;Bazen;In alcune occasioni, ma non sempre;A volte viaggio con la mia ragazza nel fine settimana;Sometimes I travel with my girlfriend at the weekend;;
Mai;Never / Ever;Asla / Hiç;"In nessun momento; nelle domande puo significare “in qualche momento”";Non bevo mai il caffe di notte;I never drink coffee at night;;
Colazione;Breakfast;Kahvaltı;Il primo pasto della giornata, consumato generalmente al mattino;Faccio colazione ogni mattina alle otto;I have breakfast every morning at eight;;
Cibo;Food;Yiyecek / Yemek;Tutto cio che si magia per nutrire il corpo;Mi piace molto il cibo italiano;I really like italian food;;
Cenare;To have dinner;Akşam yemeği yemek;Mangiare il pasto principale della sera;Di solito ceno con la mia famiglia;I usually have dinner with my family;;
Donna;Woman;Kadın;Una persona adulta di sesso femminile;Quella donna e’ molto gentile;That woman is very kind;;
Uomo;Man;Erkek / Adam;Una persona adulta di sesso maschile;Quell’uomo lavora in un ristorante;That man works in a restaurant;;
Casa;House / Home;Ev / Yuva;Il luogo in cui una persona vive;Oggi rimango a casa;Today I stay at home;;
Occhio;Eye;Göz;L’organo del corpo usato per vedere;Ho qualcosa nell’occhio ;I have something in my eye;;
Momento;Moment;An / Zaman;Un periodo di tempo molto breve oppure un punto preciso nel tempo;In questo momento sto studiando italiano;At this moment, I am studying italian;;
Parola;Word;Kelime / Söz;Un insieme di suoni o lettere che ha un significato;Non conosco questa parola italiana;I dont know this italian word;;
Citta;City;Şehir;Un luogo abitato da molte persone, con case, strade, negozi e servizi;Roma e’ una città molto bella;Rome is a very beautiful city;;
Voce;Voice;Ses;Il suono prodotto da una persona quando parla, canta o grida;Questa cantante ha una voce bellissima;This singer has a beautiful voice;;
Acqua;Water;Su;Un liquido trasparente, senza colere ne odore, necessario per la vita ;Senza acqua la vita non e’ possible;Life cannot exist without water;;
Gente;People;İnsanlar;Un insieme di persone considerate come un gruppo;C’e’ molta gente in questa strada;There are many people on this street;;
Forza;Strength / Force;Güç / Kuvvet;La capacita fisica o mentale di affrontare uno sforzo o una difficolta;Non ho la forza di lavorare oggi;I don’t have the strength to work today;;
Mare;Sea;Deniz;Una grande distesa di acqua salata;In estate mi piace andare al mare;In summer, I like going to the sea;;
Ragione;Reason / Right;Sebep / Haklılık;Il motivo per cui succede qualcosa, può anche indicare che una persona ha un’opinione corretta;Hai ragione, questa esercizio e’ difficile;You are right, this exercise is difficult;;
Sole;Sun;Güneş;La stella che illumina e riscalda la terra;Oggi c’e’ il sole e fa caldo;Today it is sunny and warm;;
Paura;Fear;Korku;Una sensazione provata davanti a un pericolo reale o immaginato;Ho paura di parlare italiano e fare errori ;I am afraid of speaking italian and making mistake;;
Il pasto;Meal;Öğün / Yemek;Il cibo consumato in un determinato momento della giornata;La colazione e’ il primo pasto della giornata;Breakfast is the first meal of the day;;
Vedere;To see;Görmek;Percepire qualcuno o qualcosa con gli occhi;Voglio vedere Roma e Firenze;I want to see Rome and Florence;;
Provare;To try / To feel;Denemek / Hissetmek;Tentare di fare qualcosa oppure sentire un’emozione o una senzazione;Voglio provare a parlare italiano senza paura;I want to try speaking italian without fear;;
Conoscere;To know / to meet;Tanımak / Tanışmak;Avere familiarità con una persona, un luogo o un argomento;Lui conosce tre lingue straniere;He knows three foreign languages;;
Principianti;Beginners;Başlangıç seviyesindekiler;Persone che hanno appena iniziato a imparare o fare qualcosa;Questo corso e’ adatto ai principianti;This course is suitable for beginners;;
Insieme;Together;Birlikte;Con un’altro persona o con altre persone, nello stesso luogo o nella stessa attività;Studiamo italiano insieme ogni sera;We study Italian together every evening;;
Rimanere;To stay / To remain;Kalmak;Continuare a essere in un luogo o in una situazione senza andare via;Questo fine settimana voglio rimanere a casa;This weekend, I want to stay at home;;
Luogo;Place / Location;Yer / mekan;Uno spazio o una posizione in cui si trova o accade qualcosa;Questo e’ un luogo molto tranquillo;This is a very peaceful place;;
Significato;Meaning;Anlam ;L’idea o il concetto espresso da una parola, una frase o un simbolo;Non conosco il significato di questa parola;I don't know the meaning of this word;;
Lunedi;Monday;Pazartesi;İl primo giorno della settimana lavorativa, dopo la domenica;Lunedì inizio u nuovo corso di italiano;On Monday I start a new italian course;;
Martedi;Tuesday;Salı;Il giorno della settimana che viene dopo lunedì;Martedì lavoro fino alle sei;On Tuesday I work until six;;
Mercoledi;Wednesday;Çarşamba;Il giorno della settimana che viene dopo martedì;Mercoledì studio italiano con un amico;On Wednesday, I study Italian with a friend;;
Giovedi;Thursday;Perşembe;Il giorno della settimana che viene dopo mercoledì;Giovedì voglio andare al cinema;On Thursday I want to go to the cinema;;
Venerdi;Friday;Cuma;Il giorno della settimana che viene dopo giovedì e prima del fine settimana;Venerdì sera ceno con la mia ragazza;On Friday evening I have dinner with my girlfriend;;
Sabato;Saturday;Cumartesi;Il giorno della settimana che viene dopo venerdì;Sabato di solito faccio fotografie;On Saturday, I usually take photographs;;
Domenica;Pazar;Pazar;L’ultimo giorno della settimana generalmente dedicato al riposso;Domenica rimango a casa con la mia famiglia;On Sunday, I stay at home with my family;;
Anche;Also / Too / Even;Ayrıca / De, da / Bile;Per aggiungere una persona, una cosa o un’informazione a cio che e’ già stato detto;Anche io voglio imparare il russo ;I also want to learn italian;;
Ancora;Still / Again / More;Hala / Tekrar / Daha;Per indicare che una situazione continua, che un’azione si ripete o che si desidera una quantità aggiuntive;Sto ancora studiando italiano;I am still studying italian;;
Il primo;The first / First course;Birinci / İlk / İlk yemek;"La persona o la cosa che viene prima di tutte le altre; al ristorante può indicare il primo piatto";Questo e’ il mio primo giorno di corso;This is my first day of the course;;
Estata;Summer;Yaz;La stagione piu calda dell’anno, compresa tra la primavera e l’autunno;In estate mi piace andare al mare;In summer, I like going to the seaside;;
Fa caldo;It is Hot;Hava sıcak;Espressione usata per dire che la temperature e’ alta;Oggi fa molto caldo, quindi bevo molta acqua;Today it’s very hot, so I drink a lot of water;;
Sentire;To hear / To feel;Duymak / Hissetmek;Percepire un suono, una sensazione, un’emozione o un odore;Non riesco a sentire bene la tua voce;I can't hear your voice well;;
Frase;Sentence / Phrase;Cümle / İfade;Un insieme di parole che esprime un significato completo;Provo a scrivere una frase in italiano;I try to write a sentence in italian;;
Esempio;Example;Örnek;Per spiegare o mostrare meglio qualcosa ;Puoi farmi un esempio per favore;Can you give me an example, please;;
Stesso;Same;Aynı ;Indica una persona o una cosa identica oppure Gia menzionata;Studiamo nello stesso corso di italiano;We study in the same italian course;;
In piu;In addition / More;Ayrıca / Ek olarak;Per aggiungere qualcosa a cio che e’ già presente o detto;Studio italiano e, in piu, ascolto podcast ogni giorno;I study italian and in addition I listen to podcasts every day;;
Anche se;Even if / Although;Olsa bile / Her ne kadar;Introdurre un fatto che non cambia il risultato principale;Anche se sono stanco, studio italiano e inglese;Even though I am tired, I study italian and English;;
Scorsa ;Last / Previous;Geçen / Önceki;Indicare un periodo di tempo precedente;L’estate scorsa sono andato in Cappadocia;Last summer, I went to Cappadocia;;
Semplice;Simple / Easy;Basit / Sade;Che e’ facile da capire o fare e non e’ complicato;Questa frase e’ semplice da capire;This sentence is simple to understand;;
Ovviamente;Obviously / Of course;Açıkçası / Elbette;In modo evidente o come e’ naturale aspettarsi;Ovviamente voglio visitare Roma quando andrò in Italia;Of course, I want to visit Rome when I go to Italy;;
Quindi;So / Therefore / Then;Bu yüzden / dolayısıyla / O halde;Indicare una conseguenza o una conclusione;Sono stanco, quindi rimango a casa;I am tired, so I am staying at home;;
Quanto;How much / How many / As much as;Ne kadar / Kaç tane;Chiedere o indicare una quantità, una durata o un grado;Quanto costa questo corso di italiano;How much does this italian course cost;;
Sperare;To hope;Ummak / Ümit etmek;Desiderare che qualcosa accada o che una situazione abbia un risultato positivo;Spero di andare in Italia l’anno prossimo;I hope to go to Italy next year;;
Fino;Until / Up to / As far as;-e kadar / -a kadar;Indica il limite di un periodo di tempo, di una quantità o di una distanza;Lavoro fine alle sei e poi torno a casa;I work until six then I return home;;
Aggiungere;To add;Eklemek;Mettere qualcosa in piu insieme a cio che e’ già presente ;Vorrei aggiungere una nuova parola alla mia lista;I would like to add a new word to my list;;
Dire;To say / To tell;Söylemek / Demek;Esprimere qualcosa usando le parole;Puoi dire questa frase piu lentamente;Can you say this sentence more slowly;;
Sensazione;Feeling / Sensation;His / Duygu / İzlenim;Una percezione fisica o emotiva provata da una persona;Ho una bella sensazione quando parlo italiano ;I have a good feeling when I speak italian;;
Non riesco;I can’t manage / Im unable;Başaramıyorum / Yapamıyorum;Quando non si e’ capaci di fare qualcosa, nonostante un tentativo;Non riesco a capire questa frase;I can’t understand this sentence;;
Spiegare;To explain;Açıklamak;Rendere qualcosa chiaro e comprensibile attraverso parole o esempi ;Puoi spiegare il significato di questa parola;Can you explain the meaning of this word;;
Puoi farmi;Can you make/do … for me ;Bana … yapabilir misin;Chiedere a qualcuno di fare qualcosa per chi parla;Puoi farmi un favore per favore;Can you make a favor for me please;;
Dai;Come on / Go on;Haydi / Hadi ama;Per incoraggiare, convincere o mostrare sorpresa;Dai, andiamo al mare;Come on, Let’s go to the seaside;;
Camminare;To walk;Yürümek;Spostarsi a piedi da un luogo a un altro;Mi piace camminare per la città;I like walking around the city;Ogni mattina cammino per trenta minuti;Every morning I walk for thirty minutes
Contento;Happy / Pleased;Mutlu / Memnun;Che prova felicita o soddisfazione per qualcosa;Sono contento di studiare italiano ogni giorno;I am happy to study italian every day;;
Finalmente;Finally;Sonunda;Dopo molto tempo, attesa o difficolta;Finalmente riesco a capire questa frase;Finally, I can understand this sentence;;
Seconde me;In my opinion;Bence / Bana göre;Presentare la propria opinione;Secondo me, L’italiano e’ una lingua molto bella;In my opinion Italian is a very beautiful language;;
Non lo so;I don’t know;Bilmiyorum;Quando non si conosce la risposta o un’informazione;Non lo so, devo pensarci;I don't know, I have to think about it;;
Il migliore;The best;En iyi;La persona o la cosa considerata superiore a tutte le altre;Questo e’ il migliore ristorante della città;This is the best restaurant in the city;;
E poi;And then / And also;Ve sonra / ayrıca;Per aggiungere un fatto o indicare cio che accade successivamente;Prima studio italiano e poi guardo un film ;First I study Italian and then I watch a movie;;
Piu o meno;More or less / approximately;Aşağı yukarı / az çok;Per indicare una quantita o una situazione non precisa;Studio italiano piu o meno un’ora al giorno;I study italian for approximately one hour a day;;
La vista;View / Sight;Manzara / Görme duyusu;Cio che si puo vedere da un luogo oppure la capacita di vedere con gli occhi;La vista dalla camera e bellissima;The view from the room is beautiful;;
Triste;Sad;Üzgün / Hüzünlü;Che prova o esprime tristezza e mancanza di felicita;Sono triste perche la vacanza e finita;I am sad because the vacation is over;;
Comunque ;Anyway / However / In any case;Her neyse / Yine de / Her durumda;Parola usata per continuare un discorso cambiare argomento o indicare che qualcosa resta vero nonostante una difficolta;Sono stanco ma comunque voglio uscire ;I am tired but I still want to go out;;
Allora;So / Then / Well;O halde / O zaman / Peki;Parola usata per indicare una conseguenza, iniziare un discorso o riferirsi a un momento passato;Allora, che cosa vuoi fare oggi;So what do you want to do today;;
Velocemente;Quickly / Fast;Hızlıca;In modo rapido, usando poco tempo;Non riesco a parlare italiano velocemente;I can’t speak italian quickly;;
Innanzitutto;First of all;Öncelikle / Her şeyden önce;Per introdurre la prima cosa importante da dire o fare;Innanzitutto, devo imparare le parole piu comuni;First of all, I have to learn the most common words;;
Come sempre;As always;Her zamanki gibi;Espressione usata per indicare che qualcosa accade nel modo abituale;Come sempre, bevo un caffe dopo colazione;As always, I drink a coffee after breakfast;;
Migliorare;To improve. / To get better;Geliştirmek / iyileştirmek;Rendere qualcosa migliore oppure diventare piu bravo o in condizioni migliori;Voglio migliorare il mio italiano ogni giorno;I want to improve my italian every day;;
Fa freddo;It is cold;Hava soğuk;Espressione usata per dire che la temperature e bassa;Oggi fa freddo, quindi rimango a casa;Today it is cold, so I am staying at home;;
Ascoltare;To listen;Dinlemek;Udire con attenzione, prestare orecchio e accogliere consigli o preghiere;Mi faccia ascoltare il suo battito cardiaco;Let me listen to your heart beat;;
Modo;Way / Manner;Yol / Biçim / Yöntem;La maniera in cui si fa, si dice o si organizza qualcosa;Cerco un modo semplice per imparare i’italiano;I am looking for a simple way to learn italian;;
Desiderare;To desire / To wish;Arzulamak / Dilemek / İstemek;Volere fortemente qualcosa o sperare che qualcosa accada;Desidero visitare l’Italia e parlare con la gente del posto;I wish to visit Italy and speak with local people;;
Quantita;Quantity / Amount;Miktar;La misura o il numero di persone, cose o sostanze presenti;Bevo una grande quantity d’acqua durante il giorno;I drink a large amount of water during the day;;
Distanza;Distance;Mesafe / Uzaklık;Lo spazio che separa due persone, luoghi o oggetti;La stazione e’ a poca distanza da casa mia;The station is a short distance from my house;;
Mostrare;To show;Göstermek ;Fare vedere qualcosa a qualcuno oppure presentarlo in modo chiaro;Puoi mostrarmi la strada per il centro;Can you show me the way to the city center;;
Convincere;To convience;İkna etmek;Fare in modo che qualcuno accetti un’idea o decida di fare qualcosa;Ho convinto il mio amico a studiare italiano con me ;I convinced my friend to study italan with me;;
Lentamente ;Slowly;Yavaşça;In modo lento, senza fretta o con poca velocità;Puoi parlare piu lentamente per favore;Can you speak more slowly please;;
Nuovo ;New;Yeni;Che esiste, e’ stato creato o e’ stato ottenuto da poco;Ho comprato una nuovo macchina fogotrafica;I bought a new camera;;
Chiaro;Clear / Light;Açık / Anlaşılır /Açık renkli;"Che e’ facile de capire, vedere o distinguere; può anche indicare un colore non scuro";La spiegazione e’ molto chiara;The explanation is very clear;;
Nero;Black;Siyah;Il colore piu scuro, opposto al bianco;Ho comprato uno zaino nero;I bought a black backpack;;
Macchina;Car / Machine;Araba / Makine;"Un veicole a motore usato per trasportare persone; pıo anche indicare un apparecchio che svolge un lavoro";Vado al lavoro in macchina;I go to work by car;;
Rossa;Red;Kırmızı;Forma femminile di “rosso”, il colore del sangue e del fuoco;La mia macchina e’ rossa;My car is red;;
Tipo;Type / Kind / Like;Tür / Tip;Una categoria di persone o cose che hanno caratteristiche simili;Che tipo di musica ti piace;What kind of music do you like;;
Pero;But / However;Ama / Ancak / Fakat;Per introdurre un’idea in contrasto con cio che e’ stato detto prima;Vorrei uscire pero sono molto stanco;I would like to go out but I am very tired;;
Purtroppo;Unfortunatelly;Ne yazık ki / Maalesef;Per introdurre una situazione negativa o spiacevole ;Purtroppo oggi non posso venire;Unfortunately, I can’t come today;;
Rumoroso;Noisy / Loud;Gürültülü;Che produce molto rumore o in cui ci sono molti suoni forti;Questo ristorante e’ troppo rumoroso;This restaurant is too noisy;;
Speriamo;Let’s hope /         We hope;Umarım / Umalım;"Forma del verbo “sperare”; per esprimere un desiderio condiviso o la speranza che qualcosa accada";Speriamo che domani faccia bel tempo;Let’s hope the weather is nice tomorrow;;
Infatti;In fact / Indeed;Gerçekten / Nitekim / Zaten;Per confermare o spiegare meglio cio che e’ stato detto prima;"Non esco stasera; infatti sono molto stanco";Im not going out tonight in fact Im very tired;;
Ci sono;There are;Var / Bulunuyor;Per indicare la presenza di piu persone o cose;Ci sono molte persone in questo edificio;There are many people on this building;;
Vacanza;Vacation / Holiday;Tatil;Un periodo di riposo durante il quale non si lavora o non si studia, spesso dedicato a viaggiare o rilassarsi;Questa estate voglio andare in vacanza  in Italia;This summer I want to go on vacation in Italy;;
Camera;Room / Bedroom;Oda / Yatak odası;Una stanza di una casa di un hotel o di un altro edificio;Vorrei una camera con vista sul mare;I would like a room with a sea view;;
Me stesso;Myself;Kendim / Kendi kendime;Per riferirsi alla propria persona e dare enfasi a “me”;Voglio migliorare me stesso ogni giorno;I want to improve myself every day;;
Certo ;Sure / Certain / Of course;Elbette / Tabii / Emin;Parola usata per esprimere sicurezza, conferma o accordo;Certo, posso aiutarti;Of course, I can help you;;
Cercare;To look for / To try;Aramak / Çalışmak, Denemek;Provare a trovare qualcuno o qualcosa, oppure tentare di fare qualcosa;Sto cercando un buon posto per mangiare;I am looking good place to eat;;
Poca;Little / Not much;Az;Foma femminile di “poco”, usata per indicare una piccola quantità;Ho poca acqua nella bottiglia;I have little water in the bottle;;
Assolutamente;Absolutely;Kesinlikle / Tamamen;In modo totale e senza alcun dubbio;Si, assolutamente. Voglio andare in Italia;Yes, absolutely. I want to go to Italy;;
Svegliare;To wake up someone up;Uyandırmak;Fare in modo che una persona smetta di dormire;Devo svegliare mio fratello alle sette;I have to wake my brother up at seven;;
Letto;Bed;Yatak;Un mobile usato per dormire e riposare;Vado a letto alle undici ;I go to bed at eleven;;
Pranzo ;Lunch;Öğle Yemeği;Il pasto che si mangia generalmente a meta giornata;Di solito pranzo con i miei amici;I usually have lunch with my friends;;
Forse ;Maybe / Perhaps;Belki;Parola usata quando qualcosa e’ possible ma non e’ certo;Forse domani andrò al mare;Maybe I will go to the seaside tomorrow;;
Ho sete;I am Thirsty;Susadım / Susamışım;Per dire che si sente il bisogno di bere;Ho sete, vorrei un po’ d’acqua;I’m thirsty, I would like some water;;
Fresca ;Fresh / Cool;Taze / Serin;Forma femminile di “fresco”, per indicare qualcosa nuovo, non caldo o appena preparato;Vorrei una bottiglia d’acqua fresca;I would like a bottle of cool water;;
Aiuto ;Help;Yardım;"Assistenza data a qualcuno che ne ha bisogno; può anche essere usata come esclamazione per chiedere soccorso";Ho bisogno di aiuto con questo esercizio ;I need help with this exercise;;
Mi sono ;I have … / I … myself ;-dım / -dim (dönüşlü fiillerde geçmiş zaman);Struttura usata con molti verbi riflessivi al passato prossimo;Mi sono svegliato alle sette;I woke up at seven;;
Intanto;Meanwhile / In the meantime ;Bu sırada / Bu arada;Nel frattempo, mentre succedo o si fa qualcos’altro;"Io preparo la cena; intanto tu puoi apparecchiare la tavola ";"I’ll prepare dinner; meanwhile, you can set the table";;
Con ;With;İle / Birlikte;Per indicare compagnia, unione o il mezzo con cui si fa qualcosa;Vado al mare con I miei genitori;I go to the seaside with my parents;;
Lunga;Long;Uzun ;Per indicare qualcosa che ha una grande grande lunghezza o durata;E’ stata una giornata lunga;It was a long day;;
Il regalo;Gift / Present;Hediye;Un oggetto dato a qualcuno per affetto, gratitudine o in occasione di un evento speciale;Ho comprato un regalo per la mia ragazza;I bought a gift for my girlfriend;;
Comprare ;To buy;Satın almak;Ottenere qualcosa pagando del denaro;Voglio comprare una nuova macchina fotografica;I want to buy a new camera;;
Uscire;To go out / To leave;Dışarı çıkmak / Çıkmak;Andare fuori da un luogo oppure lasciare un posto;Questa sera voglio uscire con i miei amici;This evening I want to go our with my friends;;
Vestirsi ;To get Dressed;Giyinmek;Mettersi i vestiti;Mi vesto velocemente la mattina;I got dressed quickly in the morning;;
Pronta;Ready;Hazır;Forma femminile di “pronto”, per indicare che una persona o ona cosa e’ preparata;Sei pronta per uscire;Are you ready to go out;;
Sicuro;Sure / Certain / Safe;Emin / Güvenli;Che non ha dubbi oppure non presenta pericoli;Sei sicuro di voler andare;Sei sicuro di voler andare;;
Qui;Here;Burada / Buraya;In questo luogo, vicino alla persona che parla;Rimango qui fino a domani;I am staying here until tomorrow;;
Inverno;Winter;Kış;La stagione piu fredda dell’anno, tra l’autunno e la primavera;In inverno fa spesso freddo;It is often cold in winter;;
Genitori ;Parents ;Ebeveynler;La madre e il padre di una persona;Vivo con I miei genitori;I live with my parents;;
Fammelo;Do it for me / Let me have it / show it to me;Onu benim için yap / Bana onu ver-göster;Usata per chiedere a qualcuno di fare o dare qualcosa a chi parla;Se hai un esempio, fammelo vedere;If you have an example show it to me;;
Troppo;Too much / Too;Çok fazla / Fazla;Indica una quantita o un grado superiore al necessario o al normale;Oggi ho troppo lavoro e poco tempo;Today I have too much work and little time;;
Fiore;Flower;Çiçek;La parte colorata di una pianta, spesso profumata;Ho comprato un fiore per la mia ragazza;I bought a flower for my girlfriend;;
Mi sono alzato;I got up;Kalktım / Yaktaktan kalktım;Verbo riflessivo “alzarsi”, usata per dire che una persone si e’ alzata del letto o da una posizione seduta;Questa mattina mi sono alzato alle sette ;This morning I go up at seven;;
Ho trovato;I found / I have found;Buldum;Al passato prossimo del verbo “trovare”, usata quando si trova una persona un luogo o una cosa;Finalmente ho trovato le mie chiavi;I finally found my keys;;
Portami via;Take me away;Beni götür / Beni buradan götür;Per chiedere a qualcuno di portare chi parla lontano da un luogo;Portami via da questo posto, per favore;Take me away from this place, please;;
Mi sento;I feel;Hissediyorum / Kendimi … hissediyorum;Del verbo “sentirsi” usata per descrivere come una persona si sente fisicamente o emotivamente;Oggi mi sento molto felice;Today I feel very happy;;
Morire;To die;Ölmek;"Smettere di vivere; in alcune espressioni informali indica anche una sensazione molo forte";Questa pianta sta per morire senza acqua;This plant is going to die without water;;
Montagna;Mountain;Dağ;Una grande elevazione naturale del terreno, generalmente alta e con pendii ripidi;In inverno mi piace andare in montagna;In winter I like to going to the mountains;;
Ombra;Shadow / Shade;Gölge;Una zona scura o meno luminosa dove la luce e’ bloccata da qualcosa;Fa molto caldo, voglio rimanere all’ombra;It is very hot, I want to stay in the shade;;
Che bel fior;What a beautiful flower;Ne güzel çiçek;Per mostrare ammirazione per un fiore bello;Guarda, Che bel fiore!;Look , what a beautiful flower!;;
Liberta;Freedom / Liberty;Özgürlük;La possibilità di vivere, scegliere e agire senza restrizioni eccessive;Per me viaggiare significa libertà;For me, traveling means freedom ;;
Stanza ;Room ;Oda;Uno spazio chiuso all’interno di una casa, di un hotel o di un altro edificio;La mia stanza e’ piccola ma molto comoda;My room is small but very comfortable;;
Partire;To leave / To depart;Ayrılmak / Yola çıkmak;Lasciare un luogo per andare verso un’altra destinazione;Domani parto per roma alle otto;Tomorrow I leave for Rome at eight;;
Giocare;To play;Oynamak;Pertecipare a un gioco, a uno sport o a un’attività divertente;Mi piace giocare a calcio con i miei amici;I like playing football with my friends;;
Preferire;To prefer;Tercih etmek;Scegliere una persona o una cosa rispetto a un’altra perché piace di piu;Preferisco viaggiare in estate;I prefer traveling in summer;;
Finire;To finish / To end;Bitirmek / Birmek;Arrivare alle fine di qualcosa o completare un’attività ;Finisco di lavorare alle sei;I finish working at six;;
Dimenticare ;To forget;Unutmak;Non ricordare piu una persona, una cosa o un’informazione;Non voglio dimenticare queste nuovo parole;I dont want to forget these new words;;
Ho fame;I’m hungry;Açım / Acıktım;Per dire che si sente il bisogno di mangiare;Ho fame, voglio mangiare qualcosa;I’m hungry I want to eat something;;
Aspettare ;To wait / To wait for;Beklemek;Rimanere in un luogo o per un certo tempo fino all’arrivo di qualcuno o qualcosa;Sto aspettando l’autobus;I’m waiting for the bus;;
Docca;Shower;Duş;Il lavaggio del corpo con acqua che cade dall’alto;Tu fai la doccia, intanto io preparo la colazione;You take a shower, meantime  I prepare breakfast;Faccio la doccia ogni mattina prima di uscire;I take a shower every morning before going out
Posto ;Place / Spot / Seat;Yer / Mekan / Koltuk;Un luogo o uno spazio in cui si torva, si mette o si fa qualcosa;Conosco un bel posto per mangiare;I know a nice place to eat;;
Pagare;To pay;Ödemek;Dare del denaro in cambio di qualcosa o per un servizio ricevuto;Posso pagare con la carta;Can I pay by card?;;
Aprire;To open;Açmak;Fare in modo che qualcosa non sia piu chiuso;Puoi aprire la finestra per favore;Can you open the window please;;
Pulire;To clean;Temizlemek;Togliere lo sporco da una persona, un oggetto o un luogo;Devo pulire la mia stanza prima di uscire;I have to clean my room before going out;;
Chiudere ;To close / To shut;Kapatmak;Fare in modo che qualcosa non sia piu aperto;Puoi chiudere la finestra per favore;Can you close the window please;;
Pranzare;To have lunch;Öğle yemeği yemek;Mangiare il pasto di meta giornata;Di solito pranzo con i miei genitori;I usually have lunch with my parents;;
Leggere ;To read;Okumak;Guardare e comprendere parole o testi scritti;Mi piace leggere un libro prima di dormire ;I like reading a book before sleeping;;
Praticare ;To practice;Pratik yapmak;Fare regolarmente un’attività per esercitarsi o migliorare;Cerco di praticare l’italiano ogni giorno;I try to practice Italian every day;;
Dare ;To give;Vermek ;Consegnare offrire o fornire qualcosa a qualcuno;Puoi darmi una mano, per favore;Can you give me a hand please;;
Stare ;To be / To stay / to remain;Olmak / Bulunmak /Kalmak ;Rimanere in un luogo o trovarsi in una certa condizione;Oggi sto a casa perché sono stanco;Today I’m staying at home because Im tired;;
Nuotare ;To swim;Yüzmek;Muoversi nell’acqua usando il corpo, le braccia e le gambe;Mi piace nuotare al mare in estate;I like swimming in the sea in summer;;
Frequentare ;To attend / To frequent / To date;Devam etmek / Sık gitmek / Görüşmek;Andare regolarmente in un luogo, partecipare a un corso oppure vedere regolarmente una persona;Frequento un corso di italiano due volte alla settimana;I attend an Italian course twice a week;;
Correre ;To run;Koşmak;Muoversi velocemente usando le gambe, piu rapidamente che camminando;Mi piace correre la mattina prima di lavorare;I like running in the morning before working;;
Prego;You’re welcome / Go ahead;Rica ederim / Buyurun;Per rispondere a un ringraziamento, invitare qualcuno a fare qualcosa o lasciarlo passare;Grazie per l’aiuto.                      Prego;Thanks for the help                          You’re welcome;;
Credere ;To believe / To think;İnanmak / Sanmak;Pensare che qualcosa sia vero oppure avere fiducia in qualcuno o qualcosa;Credo che imparare una lingua richieda tempo ;I believe that learning a language takes time;;
Guidare ;To drive / To guide;Araba kullanmak / Rehberlik etmek;Dondjurre un veicolo oppure mostrare a qualcuno la direzione da seguire;Mi piace guidare quando viaggio ;I like driving when I travel;;
Ricordare;To remember / To remind;Hatırlamak / Hatırlatmak;"Conservare o riportare qualcosa alla memoria; può anche significare far ricordare qualcosa a qualcuno";Non riesco a ricordare questa parola;I can’t remember this word;;
Decidere ;To decide;Karar vermek;Fare una scelta dopo aver pensato alle diverse possibilità;Ho deciso di studiare italiano ogni giorno;I decided to study italian every day;;
Imparare;To learn;Öğrenmek;Acquisire nuove conoscenze, informazioni o capacità attraverso lo studio o l’esperienza ;Noi impariamo qualcosa di nuovo ogni giorno;We learn something new every day;;
Amare ;To love;Sevmek / Aşık olmak;Provare un sentimento fore di affetto o amore verso qualcuno o qualcosa;Amo viaggiare e scoprire nuovi posti;I love traveling and discovering new places;;
Diventare ;To become;Olmak / Haline gelmek;Cambiare e passare da una condizione a un’altra;Voglio diventare piu bravo a parlare italiano;I want to become better at speaking italian ;;
Comprendere ;To understand / To comprehend ;Anlamak / Kavramak;Capire il significato di qualcosa come una parola una frase o una situazione;Riesco a comprendere molto frasi semplici in italiano;I can understand many simple sentences in Italian;;
A presto;See you soon;Yakında görüşürüz;Espressione usata per salutare qualcuno quando si pensa di rivederlo presto;Grazie per oggi, a presto;Thanks for today, see you soon;;
Regolarmente;Regularly;Düzenli olarak;In modo regolare, con una certa frequenza o seguendo un’abitudine;Cerco di praticare l'italiano regolarmente;I try to practice Italian regularly;;
Tre volte alla settimana;Three Times a week;Hafta üç kez;Per indicare che qualcosa accade tre volte durante una settimana;Vado a correre tre volte alla settimana;I go running three times a week;;
Attivita ;Activity / Businnes;Aktivite / Faaliyet;Qualcosa che una perone fa per lavoro, studio, sport o divertimento;Nel tempo libero faccio molte attività diverse;In my free time I do many different activities;;
Muoversi ;To move / To get around;Hareket etmek / bir yerden bir yere gitmek;Spostarsi da un luogo a un altro o cambiare posizione;In questa città e’ facile muoversi a piedi;In this city, it is easy to get around on foot;;
Pregare;To pray / To beg;Dua etmek / Yalvarmak, rica etmek;Rivolgersi a dio con una preghiera oppure chiedere qualcosa a qualcuno con molta insistenza;Ogni sera prega prima di andare a letto;Every evening He/She prays before going to bed;;
Suonare;To play an instrument;Enstrüman çalmak;Produrre musica con uno strumento oppure emettere un suono, come un telefona o un campanello;Mi piace suonare la chitarra nel tempo libero;I like playing the guitar in my free time;;
Per prima cosa;First of all / First thing;İlk olarak / Her şeyden önce;Per indicare la prima azione o cosa da fare;Per prima cosa, faccio colazione e poi faccio la doccia;First of all, I have breakfast and then I take a shower;;
Ripetere;To repeat;Tekrarlamak ;Dire o fare di nuovo qualcosa;Puoi ripetere piu lentamente per favore;Can you repeat more slowly please;;
Cominciare;To begin / To start;Başlamak ;Dare inizio a qualcosa o iniziare a fare un’attivita;Comincio a lavorare alle nove;I start working at nine;;
Appena;Just / As soon as;Henüz / -er -mez;Per indicare qualcosa successo da poco, immediatamente dopo qualcosa oppure in quantità molto piccola;Mi sono appena svegliato;I just woke up;;
Davanti ;In front / In front of;Önünde / Önde;In una posizione anteriore rispetto a qualcuno o qualcosa;La macchina e’ davanti a casa;The car is in front of the house;;
Dietro;Behind / at the back;Arkasında / arkada;In una posizione posteriore rispetto a qualcuno o qualcosa;Il parcheggio e’ dietro l’hotel;The parking lot is behind the hotel;;
Sopra;Above / On / Over;Üstünde / Yukarıda;In una posizione piu alta rispetto a qualcosa oppure sulla sua superfice;Il telefono e’ sopra il tavolo ;The phone is on the table;;
Sotto;Under / Below;Altında / Aşağıda;In una posizione piu bassa rispetto a qualcuno o qualcosa;Le scarpe sono sotto il letto;The shoes are under the bed;;
Vicino a;Near / Close to ;Yakında / Yakın;A poca distanze da una persona, un luogo o una cosa;C’e’ un ristorante vicino a casa mia;There is a restaurant near my house;;
Lontano da;Far from ;Uzağında / -den uzak;A grande distanza da una persona, un luogo o una cosa;La stazione e’ lontano da casa mia;The station is far from my home;;
Dentro ;Inside / In;İçinde / İçeri;Nella parte interna di un luogo, un oggetto o uno spazio;Il regalo e’ dentro la scatola;The gift is inside the box;;
Fuori ;Outside / Out;Dışarıda / Dışarı;Nella parte esterna di un luogo o lontano dall’interno;Fa caldo, quindi voglio mangiare fuori ;It’s hot, so I want to eat outside;;
Sono piena;I’m full ;Doydum / Tokum;Espressione usata per dire che si e’ mangiato abbastanza e non si ha piu fame;Grazie, non voglio altro. Sono pieno;Thanks. I don’t want anything else. I’m full;;
Ritornare;To return / To come back;Geri dönmek / Dönmek;Andare di nuovo in un luogo in cui si era già stati;Voglio ritornare in Italian l’anno prossimo;I want to return to Italy next year;;
Assaggiare ;To taste / To try;Tadına bakmak / Tatmak;Provare una piccola quantità di cibo o di una bevanda per sentirne il sapore;Vorrei assaggiare questo piatto italiano;I would like to try this Italian dish;;
Rispondere;To answer / To reply;Cevap vermek / Yanıtlamak;Dire o scrivere qualcosa in risposta a una domanda, un messaggio o una persona;Non riesco a rispondere a questo domanda;I can’t answer this question;;
Tutto ;Everything / All / Whole;Her şey / Tüm / Bütün;Indica la totalita delle cose o l’intera quantità di qualcosa;E’ tutto pronto per il viaggio ;Everything is ready for the trip;;
Ordinare;To order / To arrange;Sipariş vermek / Düzenlemek;"Chiedere cibo, bevande o prodotti; può anche significare mettere qualcosa in ordine";Vorrei ordinare una pizza e dell’acqua;I would like to order a pizza and some water;;
Seconde te;In your opinion / According to you;Sence / Sana göre;Per chiedere l’opinione di un’altra persona;Seconde te, qual e’ il posto piu bello in Italia;In your opinion what is the most beautiful place in Italy;;
Ora ;Now / Hour;Şimdi / Saat;Indica il momento presente oppure un periodo di sessanta minuti;Ora devo andare a casa;Now I have to go to home;;
Di nuovo;Again;Tekrar / Yeniden;"Un’altra volta; indica che qualcosa accade o viene fatto nuovamente";Puoi dirlo di nuovo per favore;Can you say it again please;;
Che ho detto;That I said / What I said;Söylediğim / Ne söyledim;Usata per riferirsi a qualcosa detto in precedenza;Non ricordo che cosa ho detto ieri;I don’t remember what I said yesterday;;
Piatto ;Dish / Plate;Yemek / Tabak;"Per servire il cibo; puo anche indicare una pietanza preparata da mangiare";Vorrei assaggiare un piatto tipico italiano;I would like to try a typical italian dish;;
Moglie;Wife;Eş / Karı;Una donna sposata, considerata in relazione alla persona con cui e’ sposata;Mia moglie ama viaggiare e fare fotografie;My wife loves traveling and taking photos;;
Marito;Husband;Eş / Koca;Una uomo sposata, considerata in relazione alla persona con cui e’ sposata;Mia marito lavora in centro ;My husband works in city centre;;
Mettere ;To put / To place;Koymak / Yerleştirmek;Collocare qualcosa in un luogo o in una determinata posizione;Puoi mettere il telefono sopra il tavolo;Can you put the phone on the table ;;
Dovrebbe;Should / Should be;-meli / -malı / Olmalı;Forma del verbo ‘dovere’ usata per dare un consiglio, esprimere una possibilità o dire ciò che sarebbe opportuno fare;Dovrebbe parlare più lentamente;He/She should speak more slowly;;
Traduzione;Translation;Çeviri / Tercüme;Il risultato dell’azione di tradurre parole o testi da una lingua a un’altra;Non conosco la traduzione di questa parola;I don’t know the translation of this word;;
Calcio;Football / Soccer / Kick;Futbol / Tekme;"Uno sport giocato da due squadre con un pallone; può anche indicare un colpo dato con il piede";Mi piace molto guardare e giocare a calcio;I really like watching and playing football;;
Qualcuno ;Someone / Somebody;Birisi / Biri;Una persona non specificata o di cui non si conosce l’identita;C’e’ qualcuno fuori dalla porta;There is someone outside the door;;
Oppure ;Or / Or else;Ya da / Veya;Per indicare un’alternativa o una scelta tra due o piu possibilità;Preferisci andare al mare oppure rimanere a casa;Do you prefer to go the seaside or stay at home;;
Seguire;To follow;Takip etmek / İzlemek;Andare dietro a qualcuno, prestare attenzione a qualcosa o continuare un percorso;Cerco di seguire la conversazione in italiano;I try to follow the conversation in italian;;
Scelta;Choice / Selection;Seçim / Tercih;Una decisione presa tra due o piu possibilità;Seconde me, questa e la scelta migliore;In my opinion, this is the best choice;;
Scoprire;To discover / To find out;Keşfetmek / Öğrenmek, Fark etmek;Trovare o conoscere qualcosa che prima non si conosceva;Mi piace viaggiare e scoprire nuovi posti;I like traveling and discovering new places;;
Spostarsi ;To move / To get around;Hareket etmek / Yer değiştirmek;Muoversi da un luogo a un altro, spesso usando un mezzo di trasporto;E’ facile spostarsi in città con i mezzi pubblici;It is easy to get around the city by public transport;;
Bottiglia;Bottle ;Şişe;Un contenitore, generalmente di vetro o plastica, usato per conservare liquidi ;Vorrei una bottiglia d’acqua fresca, per favore;I would like a bottle of cold water, please;;
Puo anche;It can also / He-She can also;Ayrıca … olabilir / O ayrıca … yapabilir;Per indicare un’altra cosa che qualcuno può fare;Puo anche pagare con la carta;You can also pay by card;;
Risultato;Result / Outcome;Sonuç;Cio che si ottiene alla fine di un’azione, un lavoro, una prova o una competizione;Sono molto contento del risultato;I am very happy with the result;;
Chissa;Who knows / I wonder/ Maybe;Kim bilir / Acaba / Belki;Espressione usata quando non si conosce qualcosa o si vuole esprimere curiosità, dubbio o possibilità;Chissa, forse un giorno vivrò in Italia ;Who knows, maybe one day I’ll live in Italy;;
Giovane;Young;Genç;Che ha pochi anni di eta o si trova nella prima parte della vita;Quando ero giovane, giocavo a calcio ogni giorno;When I was young, I played football every day;;
Vecchio;Old;Eski;Che ha molti anni oppure che esiste o viene usato da molto tempo;Questa macchina e’ vecchia, ma funziona ancora bene;This car is old but it still works well;;
Anziano;Elderly;Yaşlı / İleri yaşta;"Una persona che ha un’eta avanzata; e’ generalmente piu rispetto di “vecchio” quando si parla di persone";Un signore anziano mi ha chiesta aiuto;An elderly man asked me for help;;
Porta ;Door / Brings;Kapı / Getiriyor;"Puoi indicare l’apertura usata per entrare o uscire da un luogo; e’ anche una forma del verbo “portare”";Puoi chiudere la porta, per favore;Can you close the door please;;
Funzionare;To Function / To work;İşlemek / Çalışmak;Operare o svolgere correttamente la propria funzione;Il mio telefono non funziona bene;My phone doesn’t work well;;
Quando era;When he-she-it was;O … iken / … olduğu zaman;Per parlare di una persona, cosa o situazione nel passato;Quando era giovane, giocava a calcio ogni giorno;When he was young, He played football every day;;
Venire ;To come;Gelmek;Muoversi verso il luogo in cui si trova la persona che parla o verso un luogo specifico;Vuoi venire con me al ristorante;Do you want to come with me to the restaurant;;
Passare ;To pass / To spend / To stop by;Geçmek / zaman geçirmek / Uğramak;Muoversi attraverso un luogo, trascorrere del tempo oppure andare brevemente in un post;Mi piace passare il tempo con i miei amici;I like spending time with my friends;;
Chiamare ;To call / To name;Aramak / Çağırmak / Adlandırmak;Telefonare a qualcuno, attire la sua attenzione o dare un nome a qualcuno o qualcosa;Ti chiamo quando arrivo a casa;I’ll call you when I get home;;
Entrare ;To enter / To go in;Girmek / içeri girmek;Andare dall’esterno verso l’interno di un luogo;Posso entrare nella stanza;Can I enter the room;;
Riuscire ;To succeed / To manage / To be able to;Başarmak / Yapabilmek;Essere capace di fare qualcosa, spesso dopo uno sforzo o una difficolta;Non riesco a capire quando parlano velocemente;I can’t understand when they speak quickly;;
Salvare ;To save / To rescue;Kaydetmek / Kurtarmak;Conservare qualcosa per usarlo in futuro oppure proteggere qualcuno o qualcosa da un pericolo;Non dimenticare di salvare il documento prima di chiudere il programma;Don’t forget to save the document before closing the program;;
Ridurre ;To reduce / To decrease;Azaltmak / Düşürmek;Rendere qualcosa minore in quantità, dimensione, intensità o importanza;Sto cercando di ridurre il tempo che passo al telefono ;I’m trying to reduce the time I spend one my phone;;
Fissare ;To set / To arrange / To fix;Belirlemek / Ayarlamak / Sabitlemek;Stabilire qualcosa, come una data o un appuntamento, oppure rendere qualcosa stabile in una posizione;Vorrei fissare un appuntamento per domani;I would like to make an appointment for tomorrow;;
Scegliere ;To choose / To select;Seçmek / Tercih etmek;Decidere quale persona, cosa o possibilità si preferisce tra diverse opzioni ;E difficile scegliere tra queste due opzioni;It is difficult to choose between these two options;;
Esprimere ;To express;İfade etmek / Dile getirmek;Comunicare un pensiero un’opinione un sentimento o un’idea;Non riesco ancora a esprimere bene la mie idee in italiano;I sitil can’t express my ideas well in italian;;
Abitare ;To live / To reside;Oturmak / İkamet etmek;Vivere stabilmente in una casa, una città o un determinato;Abito in una piccola città vicino a Edirne ;I live in a small town near Edirne;;
Insegnare ;To teach ;Öğretmek;Aiutare qualcuno a imparare qualcosa. Spiegando o mostrando come si fa;Mia madre insegna italiano in una scuola;My mother teaches italian at a school;;
In questo momento;At the moment / Right now;Şu anda / Tam şu an;Per indicare cio che sta succedendo proprio adesso;In questo momento sto studiano italiano;At the moment Im studying Italian;;
In realta;Actually / In reality;Aslında / Gerçekte;Per spiegare come stanno veramente le cose, spesso correggendo un’idea precedente;Pensavo fosse difficile ma in realtà e’ abbastanza semplice;I thought it was difficult but actually it is quite simple;;
A proposito;By the way / Speaking of;Bu arada / Lafı açılmışken;Per introdurre un nuovo argomento o qualcosa collegato a ciò di cui si sta parlando;A proposito hai deciso dove andare domani? ;By the way have you decided where to go tomorrow?;;
Sto cercando di;I’m trying to …;… yapmaya çalışıyorum;Per dire che si sta facendo uno sforzo o un tentativo per fare qualcosa;Sto cercando di parlare italiano ogni giorno;I’m trying to speak italian every day ;;
Probabilmente;Probably;Muhtemelen / Büyük ihtimalle;Avverbio usato per indicare che qualcosa e’ molto possibile, ma non completamente certo;Probabilmente domani rimarrò a casa;Tomorrow I will stay at home probably ;;
Dipende;It depends ;Duruma bağlı / Değişir;Quando una risposta cambia in base alla situazione o ad altri fattori;Andiamo al mare domani? - Dipende del tempo;Are we going to the seaside tomorrow? - It depends on the weather;;
La prima volta;The first time;İlk kez / İlk sefer;La prima occasione in cui si fa, si vede o si vive qualcosa;E’ la prima volta che visito Roma.;It’s the first time I’ve visited Rome;;
Parlero;I will speak;Konuşacağım;Forma futura del verbo “parlare”, usata per dire che si parlerà in un momento futuro;Domani parlero con il mio amico italiano;Tomorrow I will talk with my Italian friend;;
Dormiro;I will sleep;Uyuyacağım;Forma futura del verbo “dormire”, usata per parlare del dormire in un momento futuro;Stasera dormirò presto perche sono stanco;Tonight I will sleep early because Im tired;;
Leggero;I will read;Okuyacağım;Forma futuro del verbo “leggere”, usata per dire che si leggera qualcosa in futuro;Domani leggero questo libro in italiano;"Tomorrow I will read this book in Italian
";;
Ragazzo ;;;;;;;
Che ;;;;Il libro che ho letto e’ bellissimo;The book that I read is wonderful;;
Davvero;Really? / Truly / Indeed;;;;;;
Che cosa;;;;;;;
Sono stato;;;;;;;
Io ero;;;;;;;
Vero;;;;;;;
Sinistra;;;;;;;
Destra;;;;;;;
Perdere;;;;;;;
Mancare ;;;;;;;
Dove;;;;;;;
Su ;Abıut ;;;;;;
Merda ;;;;;;;
D’accordo;;;;;;;
Perfino ;Even;;;;;;
Ottimo;;;;;;;
Bambino;;;;;;;
Quattro;;;;;;;
Venti;;;;;;;
Cento;;;;;;;
Finestra;;;;;;;
Dolce ;;;;;;;
Appuntamento;;;;;;;
Ultimamente;;;;;;;
Qualche ;;;;;;;
Constante ;;;;;;;
Abbuffarsi ;;;;;;;
Collega;;;;;;;
Disponible;;;;;;;
Tanto ;;;;;;;
Boh;;;;;;;
Hai visto;;;;;;;
Tagliare ;;;;;;;
Cappelli ;;;;;;;
Pure ;;;;;;;
Risposta;;;;;;;
Completamento;;;;;;;
Abbastanza;;;;;;;
Dubbio;;;;;;;
Sa dirmi;;;;;;;
Ho ventidue anni;;;;;;;
Rapinare;;;;;;;
Va male;;;;;;;
Permesso ;;;;;;;
Che passa ;;;;;;;
Completare;;;;;;;
Tutte le mattine;;;;;;;
Stasera ;;;;;;;
Mentre ;;;;;;;
Giusta ;;;;;;;
Ci vediamo;;;;;;;
